physical_error_rate,num_shots,num_errors
0.000025,5000000,0
0.00005,5000000,0
0.000075,5000000,0
0.0001,5000000,0
0.00025,5000000,1
0.0005,5000000,96
0.00075,5000000,940
0.001,5000000,4258
0.005,5211,5000
0.01,5001,5000
