physical_error_rates,num_shots,num_errors
0.00005,9999990,189
0.0001,9999990,637
0.00025,9999990,4234
0.0005,7068161,9990
0.001,1502964,9990
