physical_error_rates,num_shots,num_errors
0.00005,119618,375
0.0001,66550,525
0.00025,13999,525
0.0005,4525,675
0.001,1335,675
